{"cameraMode":{"drawMode":0,"name":"Shaded","section":"Shading Mode"},"sceneLighting":true,"audioPlay":false,"sceneViewState":{"m_AlwaysRefresh":false,"showFog":true,"showSkybox":true,"showFlares":true,"showImageEffects":true,"showParticleSystems":true,"showVisualEffectGraphs":true,"m_FxEnabled":true},"in2DMode":false,"pivot":{"x":-0.3065682053565979,"y":0.6577671766281128,"z":1.7286022901535035},"rotation":{"x":-0.26949578523635867,"y":0.05398600921034813,"z":-0.01513716857880354,"w":-0.9613726735115051},"size":2.723289966583252,"orthographic":false}